Id,Make,Model,Year,CarType,AirConditioner,DateModified
1,Volvo,S60,2010,1,1,2019-07-04 10:41:31.0200000
2,Audi,A4,2002,1,1,2019-07-04 10:41:31.0209381
3,BMW,535d,2006,1,1,2019-07-04 10:41:31.0209381
4,BMW,320d,2006,1,0,2019-07-04 10:41:31.0209381
5,VW,Passat,2007,1,0,2019-07-04 10:41:31.0209381
6,VW,Passat,2008,1,1,2019-07-04 10:41:31.0209381
7,Peugeot,407,2006,1,1,2019-07-04 10:41:31.0209381
8,Honda,Accord,2008,1,0,2019-07-04 10:41:31.0209381
9,Alfa Romeo,159,2008,1,0,2019-07-04 10:41:31.0209381
10,Nissan,Almera,2001,1,1,2019-07-04 10:41:31.0209381
11,Mitsubishi,Lancer,2008,1,1,2019-07-04 10:41:31.0209381
12,Opel,Vectra,2008,1,1,2019-07-04 10:41:31.0209381
13,Toyota,Avensis,2006,1,0,2019-07-04 10:41:31.0209381
14,Toyota,Avensis,2008,1,1,2019-07-04 10:41:31.0209381
15,Toyota,Avensis,2008,1,1,2019-07-04 10:41:31.0209381
16,Audi,Q7,2007,0,1,2019-07-04 10:41:31.0209381
17,Hyundai,Santa Fe,2012,0,1,2019-07-04 10:41:31.0209381
18,Hyundai,Santa Fe,2013,0,1,2019-07-04 10:41:31.0209381
19,Nissan,Qashqai,2007,0,1,2019-07-04 10:41:31.0209381
20,Mercedez,B Class,2007,2,1,2019-07-04 10:41:31.0209381
21,Lancia,Ypsilon,2006,2,1,2019-07-04 10:41:31.0209381
22,BMW,315 (75PS),1981,1,1,2019-07-04 11:15:55.0489381
23,BMW,316 (90PS),1975,1,0,2019-07-04 11:15:55.1119381
24,BMW,316 (90PS),1980,1,1,2019-07-04 11:15:55.1549381
25,BMW,318 (98PS),1975,1,0,2019-07-04 11:15:55.1999381
26,BMW,318i (105PS),1980,1,1,2019-07-04 11:15:55.2469381
27,BMW,320 (109PS),1975,1,0,2019-07-04 11:15:55.2909381
28,BMW,320i (125PS),1975,1,0,2019-07-04 11:15:55.3369381
29,BMW,320 (122PS),1977,1,0,2019-07-04 11:15:55.3819381
30,BMW,323i (143PS),1977,1,0,2019-07-04 11:15:55.4299381
31,BMW,316i (100PS),1988,1,1,2019-07-04 11:15:55.4759381
32,BMW,316 (90PS),1983,1,1,2019-07-04 11:15:55.5199381
33,BMW,316i Kat (102PS),1987,1,1,2019-07-04 11:15:55.5659381
34,BMW,318i (105PS),1983,1,1,2019-07-04 11:15:55.6129381
35,BMW,318i Kat (102PS),1986,1,1,2019-07-04 11:15:55.6609381
36,BMW,318i Kat (113PS),1987,1,1,2019-07-04 11:15:55.7049381
37,BMW,318iS (136PS),1990,1,1,2019-07-04 11:15:55.7509381
38,BMW,320i (125PS),1983,1,1,2019-07-04 11:15:55.7989381
39,BMW,320i (129PS),1985,1,1,2019-07-04 11:15:55.8449381
40,BMW,320i Kat (129PS),1987,1,1,2019-07-04 11:15:55.8889381
41,BMW,323i (150PS),1983,1,1,2019-07-04 11:15:55.9329381
42,BMW,325i (171PS),1985,1,1,2019-07-04 11:15:55.9749381
43,BMW,325i Kat (170PS),1986,1,1,2019-07-04 11:15:56.0189381
44,BMW,325i Allrad (171PS),1985,1,1,2019-07-04 11:15:56.0639381
45,BMW,325iX Allrad Kat (170PS),1986,1,1,2019-07-04 11:15:56.1089381
46,BMW,325iX Allrad Kat (170PS),1987,1,1,2019-07-04 11:15:56.1559381
47,BMW,325e Kat (122PS),1985,1,1,2019-07-04 11:15:56.2009381
48,BMW,325e Kat (129PS),1986,1,1,2019-07-04 11:15:56.2469381
49,BMW,M3 (195PS),1985,1,1,2019-07-04 11:15:56.2909381
50,BMW,M3 (200PS),1986,1,1,2019-07-04 11:15:56.3379381
51,BMW,M3 Kat (195PS),1986,1,1,2019-07-04 11:15:56.3829381
52,BMW,M3 Kat (194PS),1987,1,1,2019-07-04 11:15:56.4259381
53,BMW,324d (86PS),1985,1,1,2019-07-04 11:15:56.4689381
54,BMW,324d (86PS),1987,1,1,2019-07-04 11:15:56.5159381
55,BMW,324td (115PS),1987,1,1,2019-07-04 11:15:56.5639381
56,BMW,316i touring Kat (100PS),1991,4,1,2019-07-04 11:15:56.6159381
57,BMW,318i touring Kat (113PS),1989,4,1,2019-07-04 11:15:56.6599381
58,BMW,320i touring Kat (129PS),1987,4,1,2019-07-04 11:15:56.7059381
59,BMW,325i touring Kat (170PS),1987,4,1,2019-07-04 11:15:56.7499381
60,BMW,325iX touring Kat (170PS),1987,4,1,2019-07-04 11:15:56.7969381
61,BMW,324td touring (115PS),1987,4,1,2019-07-04 11:15:56.8429381
62,BMW,318i Cabrio Kat (113PS),1991,3,1,2019-07-04 11:15:56.8869381
63,BMW,325i Cabrio (171PS),1985,3,1,2019-07-04 11:15:56.9359381
64,BMW,325i Cabrio Kat (170PS),1986,3,1,2019-07-04 11:15:56.9789381
65,BMW,320i Cabrio Kat (129PS),1987,3,1,2019-07-04 11:15:57.0239381
66,BMW,325i Cabrio Kat (170PS),1987,3,1,2019-07-04 11:15:57.0679381
67,BMW,M3 Kat Cabrio (195PS),1988,3,1,2019-07-04 11:15:57.1119381
68,BMW,316i compact (102PS),1994,2,1,2019-07-04 11:15:57.1579381
69,BMW,318ti compact (140PS),1994,2,1,2019-07-04 11:15:57.2039381
70,BMW,323ti compact (170PS),1998,2,1,2019-07-04 11:15:57.2479381
71,BMW,318tds compact (90PS),1995,2,1,2019-07-04 11:15:57.2929381
72,BMW,316i (100PS),1991,1,1,2019-07-04 11:15:57.3359381
73,BMW,316i (102PS),1993,1,1,2019-07-04 11:15:57.3829381
74,BMW,318i (113PS),1991,1,1,2019-07-04 11:15:57.4279381
75,BMW,318i (115PS),1993,1,1,2019-07-04 11:15:57.4749381
76,BMW,318is (140PS),1993,1,1,2019-07-04 11:15:57.5199381
77,BMW,320i (150PS),1991,1,1,2019-07-04 11:15:57.5619381
78,BMW,323i (170PS),1995,1,1,2019-07-04 11:15:57.6059381
79,BMW,325i (192PS),1991,1,1,2019-07-04 11:15:57.6499381
80,BMW,328i (193PS),1995,1,1,2019-07-04 11:15:57.6949381
81,BMW,M3 (286PS),1994,1,1,2019-07-04 11:15:57.7399381
82,BMW,M3 (321PS),1995,1,1,2019-07-04 11:15:57.7839381
83,BMW,318tds (90PS),1994,1,1,2019-07-04 11:15:57.8279381
84,BMW,325td (115PS),1992,1,1,2019-07-04 11:15:57.8709381
85,BMW,325tds (143PS),1993,1,1,2019-07-04 11:15:57.9169381
86,BMW,316i touring (102PS),1997,4,1,2019-07-04 11:15:57.9629381
87,BMW,318i touring (115PS),1996,4,1,2019-07-04 11:15:58.0069381
88,BMW,320i touring (150PS),1995,4,1,2019-07-04 11:15:58.0539381
89,BMW,323i touring (170PS),1996,4,1,2019-07-04 11:15:58.0969381
90,BMW,328i touring (193PS),1995,4,1,2019-07-04 11:15:58.1409381
91,BMW,318tds touring (90PS),1995,4,1,2019-07-04 11:15:58.1849381
92,BMW,325tds touring (143PS),1995,4,1,2019-07-04 11:15:58.2299381
93,BMW,316i Coupé (102PS),1993,5,1,2019-07-04 11:15:58.2759381
94,BMW,318is Coupé (140PS),1992,5,1,2019-07-04 11:15:58.3199381
95,BMW,320i Coupé (150PS),1992,5,1,2019-07-04 11:15:58.3649381
96,BMW,323i Coupé (170PS),1995,5,1,2019-07-04 11:15:58.4109381
97,BMW,325i Coupé (192PS),1992,5,1,2019-07-04 11:15:58.4549381
98,BMW,328i Coupé (193PS),1995,5,1,2019-07-04 11:15:58.4999381
99,BMW,M3 Coupé (286PS),1992,5,1,2019-07-04 11:15:58.5439381
100,BMW,M3 Coupé (321PS),1995,5,1,2019-07-04 11:15:58.5879381
101,BMW,318i Cabrio (115PS),1994,3,1,2019-07-04 11:15:58.6329381
102,BMW,320i Cabrio (150PS),1994,3,1,2019-07-04 11:15:58.6759381
103,BMW,323i Cabrio (170PS),1997,3,1,2019-07-04 11:15:58.7199381
104,BMW,325i Cabrio (192PS),1993,3,1,2019-07-04 11:15:58.7639381
105,BMW,328i Cabrio (193PS),1995,3,1,2019-07-04 11:15:58.8079381
106,BMW,M3 Cabrio (286PS),1994,3,1,2019-07-04 11:15:58.8539381
107,BMW,M3 Cabrio (321PS),1995,3,1,2019-07-04 11:15:58.8999381
108,BMW,316ti compact (115PS),2001,2,1,2019-07-04 11:15:58.9449381
109,BMW,318ti compact (143PS),2001,2,1,2019-07-04 11:15:58.9949381
110,BMW,325ti compact (192PS),2001,2,1,2019-07-04 11:15:59.0409381
111,BMW,318td compact (115PS),2003,2,1,2019-07-04 11:15:59.0859381
112,BMW,320td compact (150PS),2001,2,1,2019-07-04 11:15:59.1299381
113,BMW,316i (105PS),1999,1,1,2019-07-04 11:15:59.1739381
114,BMW,318i (118PS),1998,1,1,2019-07-04 11:15:59.2169381
115,BMW,316i (115PS),2002,1,1,2019-07-04 11:15:59.2619381
116,BMW,318i (143PS),2001,1,1,2019-07-04 11:15:59.3069381
117,BMW,320i (150PS),1998,1,1,2019-07-04 11:15:59.3519381
118,BMW,320i (170PS),2000,1,1,2019-07-04 11:15:59.3989381
119,BMW,323i (170PS),1998,1,1,2019-07-04 11:15:59.4449381
120,BMW,325i (192PS),2000,1,1,2019-07-04 11:15:59.4899381
121,BMW,328i (193PS),1998,1,1,2019-07-04 11:15:59.5359381
122,BMW,330i (231PS),2000,1,1,2019-07-04 11:15:59.5799381
123,BMW,318d (115PS),2001,1,1,2019-07-04 11:15:59.6279381
124,BMW,320d (136PS),1998,1,1,2019-07-04 11:15:59.6759381
125,BMW,320d (150PS),2001,1,1,2019-07-04 11:15:59.7209381
126,BMW,330d (184PS),1999,1,1,2019-07-04 11:15:59.7669381
127,BMW,330d (204PS),2003,1,1,2019-07-04 11:15:59.8119381
128,BMW,325xi (192PS),2001,1,1,2019-07-04 11:15:59.8579381
129,BMW,325xi (192PS),2003,1,1,2019-07-04 11:15:59.9029381
130,BMW,330xi (231PS),2000,1,1,2019-07-04 11:15:59.9479381
131,BMW,330xd (184PS),2000,1,1,2019-07-04 11:15:59.9959381
132,BMW,330xd (204PS),2003,1,1,2019-07-04 11:16:00.0409381
133,BMW,318i touring (118PS),1999,4,1,2019-07-04 11:16:00.0859381
134,BMW,316i touring (115PS),2002,4,1,2019-07-04 11:16:00.1319381
135,BMW,318i touring (143PS),2001,4,1,2019-07-04 11:16:00.1769381
136,BMW,320i touring (150PS),1999,4,1,2019-07-04 11:16:00.2239381
137,BMW,320i touring (170PS),2000,4,1,2019-07-04 11:16:00.2679381
138,BMW,325i touring (192PS),2000,4,1,2019-07-04 11:16:00.3139381
139,BMW,328i touring (193PS),1999,4,1,2019-07-04 11:16:00.3579381
140,BMW,330i touring (231PS),2000,4,1,2019-07-04 11:16:00.4039381
141,BMW,318d touring (115PS),2002,4,1,2019-07-04 11:16:00.4489381
142,BMW,320d touring (136PS),1999,4,1,2019-07-04 11:16:00.4949381
143,BMW,320d touring (150PS),2002,4,1,2019-07-04 11:16:00.5399381
144,BMW,330d touring (184PS),1999,4,1,2019-07-04 11:16:00.5859381
145,BMW,330d touring (204PS),2003,4,1,2019-07-04 11:16:00.6319381
146,BMW,325xi touring (192PS),2001,4,1,2019-07-04 11:16:00.6789381
147,BMW,330xi touring (231PS),2000,4,1,2019-07-04 11:16:00.7229381
148,BMW,330xd touring (184PS),2000,4,1,2019-07-04 11:16:00.7709381
149,BMW,330xd touring (204PS),2003,4,1,2019-07-04 11:16:00.8169381
150,BMW,318Ci Coupé (118PS),1999,5,1,2019-07-04 11:16:00.8619381
151,BMW,318Ci Coupé (143PS),2001,5,1,2019-07-04 11:16:00.9229381
152,BMW,320Ci Coupé (150PS),1999,5,1,2019-07-04 11:16:00.9739381
153,BMW,320Ci Coupé (170PS),2000,5,1,2019-07-04 11:16:01.0339381
154,BMW,323Ci Coupé (170PS),1999,5,1,2019-07-04 11:16:01.0809381
155,BMW,325Ci Coupé (192PS),2000,5,1,2019-07-04 11:16:01.1259381
156,BMW,328Ci Coupé (193PS),1999,5,1,2019-07-04 11:16:01.1709381
157,BMW,330Ci Coupé (231PS),2000,5,1,2019-07-04 11:16:01.2149381
158,BMW,320Cd Coupé (150PS),2003,5,1,2019-07-04 11:16:01.2599381
159,BMW,330Cd Coupé (204PS),2003,5,1,2019-07-04 11:16:01.3029381
160,BMW,M3 Coupé (343PS),2001,5,1,2019-07-04 11:16:01.3469381
161,BMW,M3 Coupé CSL (360PS),2003,5,1,2019-07-04 11:16:01.3949381
162,BMW,318Ci Cabrio (143PS),2001,3,1,2019-07-04 11:16:01.4419381
163,BMW,320Ci Cabrio (170PS),2000,3,1,2019-07-04 11:16:01.4889381
164,BMW,325Ci Cabrio (192PS),2000,3,1,2019-07-04 11:16:01.5319381
165,BMW,330Ci Cabrio (231PS),2000,3,1,2019-07-04 11:16:01.5779381
166,BMW,320Cd Cabrio (150PS),2005,5,1,2019-07-04 11:16:01.6249381
167,BMW,330Cd Cabrio (204PS),2005,5,1,2019-07-04 11:16:01.6699381
168,BMW,M3 Cabrio (343PS),2001,3,1,2019-07-04 11:16:01.7149381
169,BMW,318i (129PS),2005,1,1,2019-07-04 11:16:01.7599381
170,BMW,318i (143PS),2007,1,1,2019-07-04 11:16:01.8049381
171,BMW,320i (150PS),2005,1,1,2019-07-04 11:16:01.8519381
172,BMW,320i (170PS),2007,1,1,2019-07-04 11:16:01.8959381
173,BMW,320si (173PS),2006,1,1,2019-07-04 11:16:01.9419381
174,BMW,325i (218PS),2005,1,1,2019-07-04 11:16:01.9849381
175,BMW,325i (218PS),2007,1,1,2019-07-04 11:16:02.0289381
176,BMW,330i (258PS),2005,1,1,2019-07-04 11:16:02.0729381
177,BMW,330i (272PS),2007,1,1,2019-07-04 11:16:02.1169381
178,BMW,335i (306PS),2006,1,1,2019-07-04 11:16:02.1619381
179,BMW,335i (306PS),2007,1,1,2019-07-04 11:16:02.2049381
180,BMW,335i (306PS),2010,1,1,2019-07-04 11:16:02.2489381
181,BMW,M3 (420PS),2008,1,1,2019-07-04 11:16:02.2929381
182,BMW,316d (115PS),2009,1,1,2019-07-04 11:16:02.3349381
183,BMW,318d (122PS),2005,1,1,2019-07-04 11:16:02.3809381
184,BMW,318d (143PS),2007,1,1,2019-07-04 11:16:02.4229381
185,BMW,318d (143PS),2010,1,1,2019-07-04 11:16:02.4659381
186,BMW,320d (163PS),2005,1,1,2019-07-04 11:16:02.5109381
187,BMW,320d EDE (163PS),2009,1,1,2019-07-04 11:16:02.5539381
188,BMW,320d (177PS),2007,1,1,2019-07-04 11:16:02.5999381
189,BMW,320d (184PS),2010,1,1,2019-07-04 11:16:02.6439381
190,BMW,325d (197PS),2006,1,1,2019-07-04 11:16:02.6879381
191,BMW,325d (197PS),2007,1,1,2019-07-04 11:16:02.7329381
192,BMW,325d (204PS),2010,1,1,2019-07-04 11:16:02.7759381
193,BMW,330d (231PS),2005,1,1,2019-07-04 11:16:02.8209381
194,BMW,330d (231PS),2007,1,1,2019-07-04 11:16:02.8659381
195,BMW,330d (245PS),2008,1,1,2019-07-04 11:16:02.9119381
196,BMW,330d (245PS),2010,1,1,2019-07-04 11:16:02.9559381
197,BMW,335d (286PS),2006,1,1,2019-07-04 11:16:02.9989381
198,BMW,335d (286PS),2007,1,1,2019-07-04 11:16:03.0769381
199,BMW,335d (286PS),2010,1,1,2019-07-04 11:16:03.1199381
200,BMW,325xi (218PS),2005,1,1,2019-07-04 11:16:03.1649381
201,BMW,325xi (218PS),2007,1,1,2019-07-04 11:16:03.2099381
202,BMW,325xi (218PS),2010,1,1,2019-07-04 11:16:03.2539381
203,BMW,330xi (258PS),2005,1,1,2019-07-04 11:16:03.2979381
204,BMW,330xi (272PS),2007,1,1,2019-07-04 11:16:03.3429381
205,BMW,330xi (272PS),2010,1,1,2019-07-04 11:16:03.3879381
206,BMW,335xi (306PS),2007,1,1,2019-07-04 11:16:03.4329381
207,BMW,335xi (306PS),2010,1,1,2019-07-04 11:16:03.4769381
208,BMW,320xd (177PS),2008,1,1,2019-07-04 11:16:03.5219381
209,BMW,320xd (184PS),2010,1,1,2019-07-04 11:16:03.5689381
210,BMW,330xd (231PS),2005,1,1,2019-07-04 11:16:03.6129381
211,BMW,330xd (231PS),2007,1,1,2019-07-04 11:16:03.6579381
212,BMW,330xd (245PS),2008,1,1,2019-07-04 11:16:03.7019381
213,BMW,318i touring (129PS),2006,4,1,2019-07-04 11:16:03.7469381
214,BMW,318i touring (143PS),2007,4,1,2019-07-04 11:16:03.7909381
215,BMW,320i touring (150PS),2005,4,1,2019-07-04 11:16:03.8379381
216,BMW,320i touring (170PS),2007,4,1,2019-07-04 11:16:03.8839381
217,BMW,325i touring (218PS),2005,4,1,2019-07-04 11:16:03.9289381
218,BMW,325i touring (218PS),2007,4,1,2019-07-04 11:16:03.9749381
219,BMW,330i touring (258PS),2005,4,1,2019-07-04 11:16:04.0219381
220,BMW,330i touring (272PS),2007,4,1,2019-07-04 11:16:04.0659381
221,BMW,335i touring (306PS),2006,4,1,2019-07-04 11:16:04.1099381
222,BMW,335i touring (306PS),2007,4,1,2019-07-04 11:16:04.1539381
223,BMW,335i touring (306PS),2010,4,1,2019-07-04 11:16:04.1979381
224,BMW,316d touring (115PS),2010,4,1,2019-07-04 11:16:04.2419381
225,BMW,318d touring (122PS),2006,4,1,2019-07-04 11:16:04.2859381
226,BMW,318d touring (143PS),2007,4,1,2019-07-04 11:16:04.3319381
227,BMW,318d touring (143PS),2010,4,1,2019-07-04 11:16:04.3759381
228,BMW,320d touring (163PS),2005,4,1,2019-07-04 11:16:04.4199381
229,BMW,320d touring (177PS),2007,4,1,2019-07-04 11:16:04.4619381
230,BMW,320d EDE touring (163PS),2011,4,1,2019-07-04 11:16:04.5079381
231,BMW,320d touring (184PS),2010,4,1,2019-07-04 11:16:04.5529381
232,BMW,325d touring (197PS),2006,4,1,2019-07-04 11:16:04.5969381
233,BMW,325d touring (197PS),2007,4,1,2019-07-04 11:16:04.6419381
234,BMW,325d touring (204PS),2010,4,1,2019-07-04 11:16:04.6849381
235,BMW,330d touring (231PS),2005,4,1,2019-07-04 11:16:04.7289381
236,BMW,330d touring (245PS),2008,4,1,2019-07-04 11:16:04.7749381
237,BMW,335d touring (286PS),2006,4,1,2019-07-04 11:16:04.8179381
238,BMW,335d touring (286PS),2007,4,1,2019-07-04 11:16:04.8619381
239,BMW,335d touring (286PS),2010,4,1,2019-07-04 11:16:04.9059381
240,BMW,325xi touring (218PS),2005,4,1,2019-07-04 11:16:04.9489381
241,BMW,325xi touring (218PS),2007,4,1,2019-07-04 11:16:04.9949381
242,BMW,330xi touring (258PS),2005,4,1,2019-07-04 11:16:05.0379381
243,BMW,330xi touring (272PS),2007,4,1,2019-07-04 11:16:05.0839381
244,BMW,335xi touring (306PS),2007,4,1,2019-07-04 11:16:05.1269381
245,BMW,320xd touring (177PS),2008,4,1,2019-07-04 11:16:05.1709381
246,BMW,320xd touring (184PS),2010,4,1,2019-07-04 11:16:05.2159381
247,BMW,330xd touring (231PS),2005,4,1,2019-07-04 11:16:05.2589381
248,BMW,330xd touring (231PS),2007,4,1,2019-07-04 11:16:05.3019381
249,BMW,330xd touring (245PS),2008,4,1,2019-07-04 11:16:05.3449381
250,BMW,316i Coupé (122PS),2008,5,1,2019-07-04 11:16:05.3899381
251,BMW,318i Coupé (143PS),2010,5,1,2019-07-04 11:16:05.4349381
252,BMW,320i Coupé (170PS),2007,5,1,2019-07-04 11:16:05.4769381
253,BMW,325i Coupé (218PS),2006,5,1,2019-07-04 11:16:05.5209381
254,BMW,325i Coupé (218PS),2007,5,1,2019-07-04 11:16:05.5629381
255,BMW,330i Coupé (258PS),2006,5,1,2019-07-04 11:16:05.6069381
256,BMW,330i Coupé (272PS),2007,5,1,2019-07-04 11:16:05.6519381
257,BMW,335i Coupé (306PS),2006,5,1,2019-07-04 11:16:05.6949381
258,BMW,335i Coupé (306PS),2007,5,1,2019-07-04 11:16:05.7399381
259,BMW,M3 Coupé (420PS),2007,5,1,2019-07-04 11:16:05.7889381
260,BMW,M3 GTS (450PS),2010,5,1,2019-07-04 11:16:05.8339381
261,BMW,320d Coupé (177PS),2007,5,1,2019-07-04 11:16:05.8799381
262,BMW,320d Coupé (184PS),2010,5,1,2019-07-04 11:16:05.9259381
263,BMW,325d Coupé (197PS),2007,5,1,2019-07-04 11:16:05.9699381
264,BMW,325d Coupé (204PS),2010,5,1,2019-07-04 11:16:06.0169381
265,BMW,330d Coupé (231PS),2006,5,1,2019-07-04 11:16:06.0599381
266,BMW,330d Coupé (245PS),2008,5,1,2019-07-04 11:16:06.1059381
267,BMW,335d Coupé (286PS),2006,5,1,2019-07-04 11:16:06.1499381
268,BMW,325xi Coupé (218PS),2008,5,1,2019-07-04 11:16:06.1969381
269,BMW,330xi Coupé (272PS),2007,5,1,2019-07-04 11:16:06.2439381
270,BMW,335xi Coupé (306PS),2007,5,1,2019-07-04 11:16:06.2929381
271,BMW,335xi Coupé (306PS),2010,5,1,2019-07-04 11:16:06.3419381
272,BMW,320xd Coupé (177PS),2008,5,1,2019-07-04 11:16:06.3889381
273,BMW,320xd Coupé (184PS),2010,5,1,2019-07-04 11:16:06.4319381
274,BMW,330xd Coupé (231PS),2007,5,1,2019-07-04 11:16:06.4789381
275,BMW,330xd Coupé (245PS),2008,5,1,2019-07-04 11:16:06.5279381
276,BMW,318i Cabrio (143PS),2010,3,1,2019-07-04 11:16:06.5719381
277,BMW,320i Cabrio (170PS),2007,3,1,2019-07-04 11:16:06.6189381
278,BMW,325i Cabrio (218PS),2007,3,1,2019-07-04 11:16:06.6669381
279,BMW,330i Cabrio (272PS),2007,3,1,2019-07-04 11:16:06.7149381
280,BMW,335i Cabrio (306PS),2007,3,1,2019-07-04 11:16:06.7609381
281,BMW,M3 Cabrio (420PS),2008,3,1,2019-07-04 11:16:06.8099381
282,BMW,320d Cabrio (177PS),2008,3,1,2019-07-04 11:16:06.8569381
283,BMW,320d Cabrio (184PS),2010,3,1,2019-07-04 11:16:06.9029381
284,BMW,325d Cabrio (197PS),2007,3,1,2019-07-04 11:16:06.9469381
285,BMW,325d Cabrio (204PS),2010,3,1,2019-07-04 11:16:06.9909381
286,BMW,330d Cabrio (231PS),2007,3,1,2019-07-04 11:16:07.0399381
287,BMW,330d Cabrio (245PS),2008,3,1,2019-07-04 11:16:07.0829381
288,BMW,316i (136PS),2012,1,0,2019-07-04 11:16:07.1279381
289,BMW,318i (136PS),2015,1,1,2019-07-04 11:16:07.1729381
290,BMW,320i EfficientDynamics Edition (170PS),2012,1,1,2019-07-04 11:16:07.2169381
291,BMW,320i (184PS),2012,1,1,2019-07-04 11:16:07.2649381
292,BMW,320i (184PS),2015,1,1,2019-07-04 11:16:07.3099381
293,BMW,320i xDrive (184PS),2015,1,1,2019-07-04 11:16:07.3559381
294,BMW,328i (245PS),2012,1,1,2019-07-04 11:16:07.3989381
295,BMW,328i xDrive (245PS),2012,1,1,2019-07-04 11:16:07.4439381
296,BMW,330i (252PS),2015,1,1,2019-07-04 11:16:07.4889381
297,BMW,330i xDrive (252PS),2015,1,1,2019-07-04 11:16:07.5339381
298,BMW,330e iPerformance (252PS),2016,1,1,2019-07-04 11:16:07.5799381
299,BMW,335i (306PS),2012,1,1,2019-07-04 11:16:07.6249381
300,BMW,335i xDrive (306PS),2012,1,1,2019-07-04 11:16:07.6689381
301,BMW,340i (326PS),2015,1,1,2019-07-04 11:16:07.7139381
302,BMW,340i xDrive (326PS),2015,1,1,2019-07-04 11:16:07.7599381
303,BMW,316d (116PS),2012,1,1,2019-07-04 11:16:07.8079381
304,BMW,316d (116PS),2015,1,1,2019-07-04 11:16:07.8519381
305,BMW,318d (143PS),2012,1,1,2019-07-04 11:16:07.8959381
306,BMW,318d xDrive (143PS),2013,1,1,2019-07-04 11:16:07.9399381
307,BMW,318d BluePerformance (143PS),2014,1,1,2019-07-04 11:16:07.9899381
308,BMW,318d (150PS),2015,1,1,2019-07-04 11:16:08.0399381
309,BMW,318d xDrive (150PS),2015,1,1,2019-07-04 11:16:08.0889381
310,BMW,320d EfficientDynamics Edition (163PS),2012,1,1,2019-07-04 11:16:08.1369381
311,BMW,320d (184PS),2012,1,1,2019-07-04 11:16:08.1899381
312,BMW,320d BluePerformance (184PS),2012,1,1,2019-07-04 11:16:08.2369381
313,BMW,320d xDrive (184PS),2012,1,1,2019-07-04 11:16:08.2869381
314,BMW,320d EfficientDynamics Edition (163PS),2015,1,1,2019-07-04 11:16:08.3329381
315,BMW,320d (190PS),2015,1,1,2019-07-04 11:16:08.3789381
316,BMW,320d xDrive (190PS),2015,1,1,2019-07-04 11:16:08.4279381
317,BMW,325d (218PS),2013,1,1,2019-07-04 11:16:08.4829381
318,BMW,325d (218PS),2015,1,1,2019-07-04 11:16:08.5359381
319,BMW,325d (224PS),2016,1,1,2019-07-04 11:16:08.5899381
320,BMW,330d (258PS),2012,1,1,2019-07-04 11:16:08.6369381
321,BMW,330d BluePerformance (258PS),2013,1,1,2019-07-04 11:16:08.6879381
322,BMW,330d xDrive (258PS),2013,1,1,2019-07-04 11:16:08.7349381
323,BMW,330d BluePerformance xDrive (258PS),2013,1,1,2019-07-04 11:16:08.7889381
324,BMW,330d (258PS),2015,1,1,2019-07-04 11:16:08.8429381
325,BMW,330d xDrive (258PS),2015,1,1,2019-07-04 11:16:08.8909381
326,BMW,335d xDrive (313PS),2013,1,1,2019-07-04 11:16:08.9439381
327,BMW,335d xDrive (313PS),2015,1,1,2019-07-04 11:16:08.9949381
328,BMW,ActiveHybrid 3 (340PS),2012,1,1,2019-07-04 11:16:09.0479381
329,BMW,M3 (431PS),2014,1,1,2019-07-04 11:16:09.0939381
330,BMW,M3 (431PS),2015,1,1,2019-07-04 11:16:09.1429381
331,BMW,M3 Competition Paket (450PS),2016,1,1,2019-07-04 11:16:09.1929381
332,BMW,316i Touring (136PS),2013,4,1,2019-07-04 11:16:09.2439381
333,BMW,318i Touring (136PS),2015,4,1,2019-07-04 11:16:09.3069381
334,BMW,320i Touring (184PS),2012,4,1,2019-07-04 11:16:09.3629381
335,BMW,320i Touring xDrive (184PS),2013,4,1,2019-07-04 11:16:09.4179381
336,BMW,320i Touring (184PS),2015,4,1,2019-07-04 11:16:09.4739381
337,BMW,320i Touring xDrive (184PS),2015,4,1,2019-07-04 11:16:09.5309381
338,BMW,328i Touring (245PS),2012,4,1,2019-07-04 11:16:09.5809381
339,BMW,328i Touring xDrive (245PS),2013,4,1,2019-07-04 11:16:09.6319381
340,BMW,330i Touring (252PS),2015,4,1,2019-07-04 11:16:09.6809381
341,BMW,330i Touring xDrive (252PS),2015,4,1,2019-07-04 11:16:09.7359381
342,BMW,335i Touring (306PS),2013,4,1,2019-07-04 11:16:09.7909381
343,BMW,335i Touring xDrive (306PS),2013,4,1,2019-07-04 11:16:09.8439381
344,BMW,340i Touring (326PS),2015,4,1,2019-07-04 11:16:09.8929381
345,BMW,340i Touring xDrive (326PS),2015,4,1,2019-07-04 11:16:09.9459381
346,BMW,316d Touring (116PS),2012,4,1,2019-07-04 11:16:09.9959381
347,BMW,316d Touring (116PS),2015,4,1,2019-07-04 11:16:10.0429381
348,BMW,318d Touring (143PS),2012,4,1,2019-07-04 11:16:10.0939381
349,BMW,318d Touring BluePerformance (143PS),2014,4,1,2019-07-04 11:16:10.1469381
350,BMW,318d Touring (150PS),2015,4,1,2019-07-04 11:16:10.1979381
351,BMW,318d Touring xDrive (150PS),2015,4,1,2019-07-04 11:16:10.2489381
352,BMW,320d Touring EfficientDynamics Edition (163PS),2013,4,1,2019-07-04 11:16:10.2979381
353,BMW,320d Touring (184PS),2012,4,1,2019-07-04 11:16:10.3459381
354,BMW,320d Touring BluePerformance (184PS),2012,4,1,2019-07-04 11:16:10.3969381
355,BMW,320d Touring xDrive (184PS),2013,4,1,2019-07-04 11:16:10.4489381
356,BMW,320d Touring EfficientDynamics Edition (163PS),2015,4,1,2019-07-04 11:16:10.5029381
357,BMW,320d Touring (190PS),2015,4,1,2019-07-04 11:16:10.5489381
358,BMW,320d Touring xDrive (190PS),2015,4,1,2019-07-04 11:16:10.5969381
359,BMW,325d Touring (218PS),2013,4,1,2019-07-04 11:16:10.6469381
360,BMW,325d Touring (218PS),2015,4,1,2019-07-04 11:16:10.6939381
361,BMW,325d Touring (224PS),2016,4,1,2019-07-04 11:16:10.7429381
362,BMW,330d Touring (258PS),2012,4,1,2019-07-04 11:16:10.7919381
363,BMW,330d Touring BluePerformance (258PS),2013,4,1,2019-07-04 11:16:10.8419381
364,BMW,330d Touring xDrive (258PS),2013,4,1,2019-07-04 11:16:10.8919381
365,BMW,330d Touring BluePerformance xDrive (258PS),2013,4,1,2019-07-04 11:16:10.9399381
366,BMW,330d Touring (258PS),2015,4,1,2019-07-04 11:16:10.9899381
367,BMW,330d Touring xDrive (258PS),2015,4,1,2019-07-04 11:16:11.0379381
368,BMW,335d Touring xDrive (313PS),2015,4,1,2019-07-04 11:16:11.0889381
369,BMW,335d Touring xDrive (313PS),2013,4,1,2019-07-04 11:16:11.1409381
370,BMW,320i Gran Turismo (184PS),2013,7,1,2019-07-04 11:16:11.1859381
371,BMW,320i Gran Turismo xDrive (184PS),2013,7,1,2019-07-04 11:16:11.2359381
372,BMW,320i Gran Turismo (184PS),2016,7,1,2019-07-04 11:16:11.2829381
373,BMW,320i Gran Turismo xDrive (184PS),2016,7,1,2019-07-04 11:16:11.3349381
374,BMW,328i Gran Turismo (245PS),2013,7,1,2019-07-04 11:16:11.3869381
375,BMW,328i Gran Turismo xDrive (245PS),2013,7,1,2019-07-04 11:16:11.4359381
376,BMW,330i Gran Turismo (252PS),2016,7,1,2019-07-04 11:16:11.4919381
377,BMW,330i Gran Turismo xDrive (252PS),2016,7,1,2019-07-04 11:16:11.5449381
378,BMW,335i Gran Turismo (306PS),2013,7,1,2019-07-04 11:16:11.5999381
379,BMW,335i Gran Turismo xDrive (306PS),2013,7,1,2019-07-04 11:16:11.6499381
380,BMW,340i Gran Turismo (326PS),2016,7,1,2019-07-04 11:16:11.7009381
381,BMW,340i Gran Turismo xDrive (326PS),2016,7,1,2019-07-04 11:16:11.7489381
382,BMW,318d Gran Turismo (143PS),2013,7,1,2019-07-04 11:16:11.7969381
383,BMW,318d Gran Turismo (150PS),2015,7,1,2019-07-04 11:16:11.8469381
384,BMW,318d Gran Turismo (150PS),2016,7,1,2019-07-04 11:16:11.8959381
385,BMW,320d Gran Turismo (184PS),2013,7,1,2019-07-04 11:16:11.9409381
386,BMW,320d Gran Turismo xDrive (184PS),2013,7,1,2019-07-04 11:16:11.9939381
387,BMW,320d Gran Turismo (190PS),2015,7,1,2019-07-04 11:16:12.0459381
388,BMW,320d Gran Turismo xDrive (190PS),2015,7,1,2019-07-04 11:16:12.0979381
389,BMW,320d Gran Turismo (190PS),2016,7,1,2019-07-04 11:16:12.1489381
390,BMW,320d Gran Turismo xDrive (190PS),2016,7,1,2019-07-04 11:16:12.2029381
391,BMW,325d Gran Turismo (218PS),2013,7,1,2019-07-04 11:16:12.2549381
392,BMW,325d Gran Turismo (224PS),2016,7,1,2019-07-04 11:16:12.3079381
393,BMW,330d Gran Turismo (258PS),2014,7,1,2019-07-04 11:16:12.3609381
394,BMW,330d Gran Turismo xDrive (258PS),2014,7,1,2019-07-04 11:16:12.4089381
395,BMW,330d Gran Turismo (258PS),2016,7,1,2019-07-04 11:16:12.4539381
396,BMW,330d Gran Turismo xDrive (258PS),2016,7,1,2019-07-04 11:16:12.5049381
397,BMW,335d Gran Turismo xDrive (313PS),2014,7,1,2019-07-04 11:16:12.5529381
398,BMW,335d Gran Turismo xDrive (313PS),2016,7,1,2019-07-04 11:16:12.6029381
399,BMW,420i Coupé (184PS),2013,5,1,2019-07-04 11:16:12.6519381
400,BMW,420i Coupé xDrive (184PS),2013,5,1,2019-07-04 11:16:12.7059381
401,BMW,420i Coupé (184PS),2016,5,1,2019-07-04 11:16:12.7539381
402,BMW,420i Coupé xDrive (184PS),2016,5,1,2019-07-04 11:16:12.8019381
403,BMW,428i Coupé (245PS),2013,5,1,2019-07-04 11:16:12.8489381
404,BMW,428i Coupé xDrive (245PS),2013,5,1,2019-07-04 11:16:12.9019381
405,BMW,430i Coupé (252PS),2016,5,1,2019-07-04 11:16:12.9469381
406,BMW,430i Coupé xDrive (252PS),2016,5,1,2019-07-04 11:16:12.9949381
407,BMW,435i Coupé (306PS),2013,5,1,2019-07-04 11:16:13.0419381
408,BMW,435i Coupé xDrive (306PS),2013,5,1,2019-07-04 11:16:13.0869381
409,BMW,440i Coupé (326PS),2016,5,1,2019-07-04 11:16:13.1389381
410,BMW,440i Coupé xDrive (326PS),2016,5,1,2019-07-04 11:16:13.1869381
411,BMW,418d Coupé (150PS),2015,5,1,2019-07-04 11:16:13.2629381
412,BMW,420d Coupé (184PS),2013,5,1,2019-07-04 11:16:13.3209381
413,BMW,420d Coupé xDrive (184PS),2013,5,1,2019-07-04 11:16:13.3729381
414,BMW,420d Coupé (190PS),2015,5,1,2019-07-04 11:16:13.4229381
415,BMW,420d Coupé xDrive (190PS),2015,5,1,2019-07-04 11:16:13.4719381
416,BMW,425d Coupé (218PS),2014,5,1,2019-07-04 11:16:13.5249381
417,BMW,425d Coupé (224PS),2016,5,1,2019-07-04 11:16:13.5729381
418,BMW,430d Coupé (258PS),2013,5,1,2019-07-04 11:16:13.6239381
419,BMW,430d Coupé xDrive (258PS),2014,5,1,2019-07-04 11:16:13.6799381
420,BMW,435d Coupé xDrive (313PS),2013,5,1,2019-07-04 11:16:13.7249381
421,BMW,M4 Coupé (431PS),2014,5,1,2019-07-04 11:16:13.7769381
422,BMW,M4 Coupé Competition Paket (450PS),2016,5,1,2019-07-04 11:16:13.8309381
423,BMW,M4 GTS (500PS),2016,5,1,2019-07-04 11:16:13.8939381
424,BMW,M4 DTM Champion Edition (2014) (431PS),2014,5,1,2019-07-04 11:16:13.9529381
425,BMW,M4 DTM Champion Edition (2016) (500PS),2016,5,1,2019-07-04 11:16:14.0079381
426,BMW,420i Cabrio (184PS),2014,3,1,2019-07-04 11:16:14.0639381
427,BMW,420i Cabrio (184PS),2016,3,1,2019-07-04 11:16:14.1179381
428,BMW,428i Cabrio (245PS),2014,3,1,2019-07-04 11:16:14.1719381
429,BMW,428i Cabrio xDrive (245PS),2014,3,1,2019-07-04 11:16:14.2189381
430,BMW,430i Cabrio (252PS),2016,3,1,2019-07-04 11:16:14.2689381
431,BMW,430i Cabrio xDrive (252PS),2016,3,1,2019-07-04 11:16:14.3219381
432,BMW,435i Cabrio (306PS),2014,3,1,2019-07-04 11:16:14.3739381
433,BMW,435i Cabrio xDrive (306PS),2014,3,1,2019-07-04 11:16:14.4209381
434,BMW,440i Cabrio (326PS),2016,3,1,2019-07-04 11:16:14.4669381
435,BMW,440i Cabrio xDrive (326PS),2016,3,1,2019-07-04 11:16:14.5159381
436,BMW,420d Cabrio (184PS),2014,3,1,2019-07-04 11:16:14.5659381
437,BMW,420d Cabrio (190PS),2015,3,1,2019-07-04 11:16:14.6169381
438,BMW,425d Cabrio (218PS),2014,3,1,2019-07-04 11:16:14.6669381
439,BMW,425d Cabrio (224PS),2016,3,1,2019-07-04 11:16:14.7209381
440,BMW,430d Cabrio (258PS),2014,3,1,2019-07-04 11:16:14.7699381
441,BMW,435d Cabrio xDrive (313PS),2014,3,1,2019-07-04 11:16:14.8239381
442,BMW,M4 Cabrio (431PS),2014,3,1,2019-07-04 11:16:14.8749381
443,BMW,M4 Cabrio Competition Paket (450PS),2016,3,1,2019-07-04 11:16:14.9199381
444,BMW,420i Gran Coupé (184PS),2014,5,1,2019-07-04 11:16:14.9689381
445,BMW,420i Gran Coupé xDrive (184PS),2014,5,1,2019-07-04 11:16:15.0289381
446,BMW,420i Gran Coupé (184PS),2016,5,1,2019-07-04 11:16:15.0869381
447,BMW,420i Gran Coupé xDrive (184PS),2016,5,1,2019-07-04 11:16:15.1399381
448,BMW,428i Gran Coupé (245PS),2014,5,1,2019-07-04 11:16:15.1889381
449,BMW,428i Gran Coupé xDrive (245PS),2014,5,1,2019-07-04 11:16:15.2419381
450,BMW,430i Gran Coupé (252PS),2016,5,1,2019-07-04 11:16:15.2979381
451,BMW,430i Gran Coupé xDrive (252PS),2016,5,1,2019-07-04 11:16:15.3489381
452,BMW,435i Gran Coupé (306PS),2014,5,1,2019-07-04 11:16:15.4019381
453,BMW,435i Gran Coupé xDrive (306PS),2014,5,1,2019-07-04 11:16:15.4539381
454,BMW,440i Gran Coupé (326PS),2016,5,1,2019-07-04 11:16:15.5069381
455,BMW,440i Gran Coupé xDrive (326PS),2016,5,1,2019-07-04 11:16:15.5559381
456,BMW,418d Gran Coupé (143PS),2014,5,1,2019-07-04 11:16:15.6049381
457,BMW,418d Gran Coupé (150PS),2015,5,1,2019-07-04 11:16:15.6609381
458,BMW,420d Gran Coupé (184PS),2014,5,1,2019-07-04 11:16:15.7139381
459,BMW,420d Gran Coupé xDrive (184PS),2014,5,1,2019-07-04 11:16:15.7679381
460,BMW,420d Gran Coupé (190PS),2015,5,1,2019-07-04 11:16:15.8159381
461,BMW,420d Gran Coupé xDrive (190PS),2015,5,1,2019-07-04 11:16:15.8659381
462,BMW,425d Gran Coupé (224PS),2016,5,1,2019-07-04 11:16:15.9269381
463,BMW,430d Gran Coupé (258PS),2014,5,1,2019-07-04 11:16:15.9759381
464,BMW,430d Gran Coupé xDrive (258PS),2014,5,1,2019-07-04 11:16:16.0279381
465,BMW,435d Gran Coupé xDrive (313PS),2014,5,1,2019-07-04 11:16:16.0779381
466,Honda,Civic 1200 (54PS),1976,2,0,2019-07-04 11:16:16.1379381
467,Honda,Civic 1500 (70PS),1976,1,0,2019-07-04 11:16:16.1919381
468,Honda,Civic (55PS),1978,2,0,2019-07-04 11:16:16.2449381
469,Honda,Civic 1300 SL (45PS),1979,2,0,2019-07-04 11:16:16.2979381
470,Honda,Civic 1300 SS (60PS),1979,2,0,2019-07-04 11:16:16.3539381
471,Honda,Civic S (70PS),1982,2,1,2019-07-04 11:16:16.4129381
472,Honda,Civic 1300 S Kombi (45PS),1979,4,0,2019-07-04 11:16:16.4629381
473,Honda,Civic 1300 SLW (60PS),1980,4,1,2019-07-04 11:16:16.5119381
474,Honda,Civic 1.2 (55PS),1984,2,1,2019-07-04 11:16:16.5639381
475,Honda,Civic 1.3 (71PS),1984,2,1,2019-07-04 11:16:16.6189381
476,Honda,Civic S 1.5 (85PS),1984,2,1,2019-07-04 11:16:16.6699381
477,Honda,Civic 1.5i GT (101PS),1984,2,1,2019-07-04 11:16:16.7219381
478,Honda,Civic Shuttle (85PS),1984,4,1,2019-07-04 11:16:16.7699381
479,Honda,Civic 1.3 (75PS),1987,2,1,2019-07-04 11:16:16.8239381
480,Honda,Civic 1.4i (90PS),1987,2,1,2019-07-04 11:16:16.8769381
481,Honda,Civic 1.5i (90PS),1988,2,1,2019-07-04 11:16:16.9339381
482,Honda,Civic 1.6i (110PS),1987,2,1,2019-07-04 11:16:16.9859381
483,Honda,Civic 1.6i-VT (150PS),1990,2,1,2019-07-04 11:16:17.0389381
484,Honda,Civic 1.4i (90PS),1987,1,1,2019-07-04 11:16:17.0929381
485,Honda,Civic 1.5i (90PS),1988,1,1,2019-07-04 11:16:17.1389381
486,Honda,Civic 1.6i (110PS),1987,1,1,2019-07-04 11:16:17.1949381
487,Honda,Civic Shuttle 1.6i 4WD (109PS),1988,4,1,2019-07-04 11:16:17.2419381
488,Honda,Civic 1.3 DX (75PS),1992,2,1,2019-07-04 11:16:17.2969381
489,Honda,Civic 1.5 LSi (90PS),1992,2,1,2019-07-04 11:16:17.3449381
490,Honda,Civic 1.5 VEi (90PS),1992,2,1,2019-07-04 11:16:17.3929381
491,Honda,Civic 1.6 ESi (125PS),1992,2,1,2019-07-04 11:16:17.4429381
492,Honda,Civic 1.6 VTi (160PS),1992,2,1,2019-07-04 11:16:17.4969381
493,Honda,Civic 1.4i (90PS),1994,7,1,2019-07-04 11:16:17.5489381
494,Honda,Civic 1.5 VEi (90PS),1994,7,1,2019-07-04 11:16:17.6039381
495,Honda,Civic 1.6i LS (113PS),1994,7,1,2019-07-04 11:16:17.6579381
496,Honda,Civic 1.6i SR (125PS),1994,7,1,2019-07-04 11:16:17.7059381
497,Honda,Civic 1.5 LSi (90PS),1992,1,1,2019-07-04 11:16:17.7529381
498,Honda,Civic 1.5 VEi (90PS),1994,1,1,2019-07-04 11:16:17.8009381
499,Honda,Civic 1.6 ESi (125PS),1992,1,1,2019-07-04 11:16:17.8539381
500,Honda,Civic 1.6 VTi (160PS),1992,1,1,2019-07-04 11:16:17.9019381
501,Honda,Civic Coupé 1.5i (101PS),1994,5,1,2019-07-04 11:16:17.9519381
502,Honda,Civic Coupé 1.6 ESi (125PS),1993,5,1,2019-07-04 11:16:18.0269381
503,Honda,Civic 1.4i (75PS),1996,2,1,2019-07-04 11:16:18.0739381
504,Honda,Civic 1.4i (75PS),2000,2,1,2019-07-04 11:16:18.1239381
505,Honda,Civic 1.4i S (90PS),1996,2,1,2019-07-04 11:16:18.1749381
506,Honda,Civic 1.4i S (90PS),2000,2,1,2019-07-04 11:16:18.2219381
507,Honda,Civic 1.5i LS (114PS),1996,2,1,2019-07-04 11:16:18.2689381
508,Honda,Civic 1.6i ES (114PS),1996,2,1,2019-07-04 11:16:18.3199381
509,Honda,Civic 1.6i VTi (160PS),1996,2,1,2019-07-04 11:16:18.3689381
510,Honda,Civic 1.4i (90PS),1996,7,1,2019-07-04 11:16:18.4169381
511,Honda,Civic 1.4i (75PS),2000,7,1,2019-07-04 11:16:18.4959381
512,Honda,Civic 1.4i S (90PS),2000,7,1,2019-07-04 11:16:18.5439381
513,Honda,Civic 1.5 VTEC-E (90PS),1996,7,1,2019-07-04 11:16:18.5939381
514,Honda,Civic 1.5i VTEC (114PS),1998,7,1,2019-07-04 11:16:18.6449381
515,Honda,Civic 1.6i LS (113PS),1996,7,1,2019-07-04 11:16:18.6929381
516,Honda,Civic 1.6i SR VTEC (126PS),1996,7,1,2019-07-04 11:16:18.7399381
517,Honda,Civic 1.6i ES (116PS),1998,7,1,2019-07-04 11:16:18.7909381
518,Honda,Civic 1.8 VTi (169PS),1998,7,1,2019-07-04 11:16:18.8389381
519,Honda,Civic 1.4i S (90PS),1996,1,1,2019-07-04 11:16:18.8889381
520,Honda,Civic 1.5i LS (114PS),1996,1,1,2019-07-04 11:16:18.9349381
521,Honda,Civic Coupé 1.6i LS (105PS),1996,5,1,2019-07-04 11:16:18.9819381
522,Honda,Civic Coupé 1.6i SR (125PS),1996,5,1,2019-07-04 11:16:19.0289381
523,Honda,Civic Aero Deck 1.4i (75PS),1999,4,1,2019-07-04 11:16:19.0779381
524,Honda,Civic Aero Deck 1.4i S (90PS),1999,4,1,2019-07-04 11:16:19.1269381
525,Honda,Civic Aero Deck 1.5i S (114PS),1999,4,1,2019-07-04 11:16:19.1749381
526,Honda,Civic Aero Deck 1.6i SR (116PS),1999,4,1,2019-07-04 11:16:19.2239381
527,Honda,Civic Aero Deck 1.8 VTi (169PS),1999,4,1,2019-07-04 11:16:19.2729381
528,Honda,Civic 1.4i (90PS),2001,2,1,2019-07-04 11:16:19.3179381
529,Honda,Civic 1.6i (110PS),2001,2,1,2019-07-04 11:16:19.3649381
530,Honda,Civic 2.0i Type-R (200PS),2001,2,1,2019-07-04 11:16:19.4139381
531,Honda,Civic 1.7 CDTi (100PS),2002,2,1,2019-07-04 11:16:19.4619381
532,Honda,Civic 1.4i (90PS),2001,7,1,2019-07-04 11:16:19.5099381
533,Honda,Civic 1.6i (110PS),2001,7,1,2019-07-04 11:16:19.5559381
534,Honda,Civic 2.0i (160PS),2004,7,1,2019-07-04 11:16:19.6039381
535,Honda,Civic 1.7 CDTi (100PS),2002,7,1,2019-07-04 11:16:19.6499381
536,Honda,Civic Coupé 1.7 (120PS),2001,5,1,2019-07-04 11:16:19.6939381
537,Honda,Civic Coupé 1.7 (125PS),2001,5,1,2019-07-04 11:16:19.7409381
538,Honda,Civic 1.4 Type S (100PS),2009,2,1,2019-07-04 11:16:19.7859381
539,Honda,Civic 1.8i-VTEC Type S (140PS),2007,2,1,2019-07-04 11:16:19.8309381
540,Honda,Civic Type R (201PS),2007,2,1,2019-07-04 11:16:19.8769381
541,Honda,Civic 2.2i-CDTi Type S (140PS),2007,2,1,2019-07-04 11:16:19.9219381
542,Honda,Civic 1.4i-DSi (83PS),2005,2,1,2019-07-04 11:16:19.9669381
543,Honda,Civic 1.4 (100PS),2009,2,1,2019-07-04 11:16:20.0109381
544,Honda,Civic 1.8i-VTEC (140PS),2005,2,1,2019-07-04 11:16:20.0569381
545,Honda,Civic 2.2i-CDTi (140PS),2005,2,1,2019-07-04 11:16:20.1029381
546,Honda,Civic 1.3i-DSi VTEC Hybrid (95PS),2006,1,1,2019-07-04 11:16:20.1479381
547,Honda,Civic 1.3i-DSi VTEC IMA (110PS),2009,1,1,2019-07-04 11:16:20.1939381
548,Honda,Civic 1.4 (100PS),2012,2,0,2019-07-04 11:16:20.2379381
549,Honda,Civic 1.4 (100PS),2015,2,0,2019-07-04 11:16:20.2839381
550,Honda,Civic 1.8 (140PS),2012,2,0,2019-07-04 11:16:20.3289381
551,Honda,Civic 1.8 (142PS),2015,2,0,2019-07-04 11:16:20.3729381
552,Honda,Civic 1.6 i-DTEC (120PS),2013,2,0,2019-07-04 11:16:20.4169381
553,Honda,Civic 1.6 i-DTEC (120PS),2015,2,0,2019-07-04 11:16:20.4619381
554,Honda,Civic 2.2 i-DTEC (150PS),2012,2,0,2019-07-04 11:16:20.5079381
555,Honda,Civic Type R (310PS),2015,2,1,2019-07-04 11:16:20.5529381
556,Honda,Civic Limousine 1.8 (140PS),2014,1,0,2019-07-04 11:16:20.5959381
557,Honda,Civic Tourer 1.8 (140PS),2014,4,0,2019-07-04 11:16:20.6409381
558,Honda,Civic Tourer 1.8 (142PS),2015,4,0,2019-07-04 11:16:20.6849381
559,Honda,Civic Tourer 1.6 i-DTEC (120PS),2014,4,0,2019-07-04 11:16:20.7279381
560,Honda,Civic Tourer 1.6 i-DTEC (120PS),2015,4,0,2019-07-04 11:16:20.7719381
561,Volkswagen,Golf 1.2 TSI BMT (85PS),2012,2,0,2019-07-04 11:16:20.8149381
562,Volkswagen,Golf 1.2 TSI BMT (105PS),2012,2,0,2019-07-04 11:16:20.8609381
563,Volkswagen,Golf 1.2 TSI BMT (110PS),2014,2,0,2019-07-04 11:16:20.9069381
564,Volkswagen,Golf 1.0 TSI BlueMotion (115PS),2015,2,0,2019-07-04 11:16:20.9509381
565,Volkswagen,Golf 1.0 TSI BMT (85PS),2017,2,0,2019-07-04 11:16:20.9949381
566,Volkswagen,Golf 1.0 TSI BMT (110PS),2017,2,0,2019-07-04 11:16:21.0379381
567,Volkswagen,Golf 1.4 TSI BMT (122PS),2012,2,0,2019-07-04 11:16:21.0809381
568,Volkswagen,Golf 1.4 TSI BMT (125PS),2014,2,0,2019-07-04 11:16:21.1239381
569,Volkswagen,Golf 1.4 TSI BMT (125PS),2017,2,0,2019-07-04 11:16:21.1689381
570,Volkswagen,Golf 1.4 TSI BMT (140PS),2012,2,0,2019-07-04 11:16:21.2139381
571,Volkswagen,Golf 1.4 TSI BMT (150PS),2014,2,0,2019-07-04 11:16:21.2559381
572,Volkswagen,Golf 1.4 TSI BMT (150PS),2017,2,0,2019-07-04 11:16:21.2989381
573,Volkswagen,Golf 1.6 TDI BMT (105PS),2012,2,0,2019-07-04 11:16:21.3409381
574,Volkswagen,Golf 1.6 TDI BMT (110PS),2014,2,0,2019-07-04 11:16:21.3869381
575,Volkswagen,Golf 1.6 BlueTDI (110PS),2013,2,0,2019-07-04 11:16:21.4319381
576,Volkswagen,Golf 1.6 TDI BlueMotion (110PS),2013,2,0,2019-07-04 11:16:21.4759381
577,Volkswagen,Golf 1.6 TDI BMT (115PS),2017,2,0,2019-07-04 11:16:21.5219381
578,Volkswagen,Golf 2.0 TDI BMT (150PS),2012,2,0,2019-07-04 11:16:21.5649381
579,Volkswagen,Golf 2.0 BlueTDI (150PS),2013,2,0,2019-07-04 11:16:21.6089381
580,Volkswagen,Golf 2.0 TDI BMT (150PS),2017,2,0,2019-07-04 11:16:21.6769381
581,Volkswagen,Golf GTI (220PS),2013,2,0,2019-07-04 11:16:21.7219381
582,Volkswagen,Golf GTI (230PS),2017,2,0,2019-07-04 11:16:21.7669381
583,Volkswagen,Golf GTI Performance (230PS),2013,2,1,2019-07-04 11:16:21.8099381
584,Volkswagen,Golf GTI Clubsport (265PS),2016,2,1,2019-07-04 11:16:21.8569381
585,Volkswagen,Golf R (300PS),2013,2,1,2019-07-04 11:16:21.9059381
586,Volkswagen,Golf R (310PS),2017,2,1,2019-07-04 11:16:21.9529381
587,Volkswagen,Golf GTD (184PS),2013,2,1,2019-07-04 11:16:21.9969381
588,Volkswagen,Golf 1.2 TSI BMT (85PS),2012,2,0,2019-07-04 11:16:22.0429381
589,Volkswagen,Golf 1.2 TSI BMT (105PS),2012,2,0,2019-07-04 11:16:22.0909381
590,Volkswagen,Golf 1.2 TSI BMT (110PS),2014,2,0,2019-07-04 11:16:22.1379381
591,Volkswagen,Golf 1.0 TSI BlueMotion (115PS),2015,2,0,2019-07-04 11:16:22.1809381
592,Volkswagen,Golf 1.0 TSI BMT (85PS),2017,2,0,2019-07-04 11:16:22.2249381
593,Volkswagen,Golf 1.0 TSI BMT (110PS),2017,2,0,2019-07-04 11:16:22.2689381
594,Volkswagen,Golf 1.4 TSI BMT (122PS),2012,2,0,2019-07-04 11:16:22.3139381
595,Volkswagen,Golf 1.4 TSI BMT (125PS),2014,2,0,2019-07-04 11:16:22.3599381
596,Volkswagen,Golf 1.4 TSI BMT (125PS),2017,2,0,2019-07-04 11:16:22.4039381
597,Volkswagen,Golf 1.4 TSI BMT (140PS),2012,2,0,2019-07-04 11:16:22.4489381
598,Volkswagen,Golf 1.4 TSI BMT (150PS),2014,2,0,2019-07-04 11:16:22.4919381
599,Volkswagen,Golf 1.4 TSI BMT (150PS),2017,2,0,2019-07-04 11:16:22.5369381
600,Volkswagen,Golf 1.6 TDI BMT (105PS),2012,2,0,2019-07-04 11:16:22.5829381
601,Volkswagen,Golf 1.6 TDI BMT 4MOTION (105PS),2012,2,0,2019-07-04 11:16:22.6279381
602,Volkswagen,Golf 1.6 TDI BMT (110PS),2014,2,0,2019-07-04 11:16:22.6739381
603,Volkswagen,Golf 1.6 TDI BMT 4MOTION (110PS),2014,2,0,2019-07-04 11:16:22.7179381
604,Volkswagen,Golf 1.6 BlueTDI (110PS),2013,2,0,2019-07-04 11:16:22.7619381
605,Volkswagen,Golf 1.6 TDI BlueMotion (110PS),2013,2,0,2019-07-04 11:16:22.8059381
606,Volkswagen,Golf 1.6 TDI BMT (115PS),2017,2,0,2019-07-04 11:16:22.8479381
607,Volkswagen,Golf 2.0 TDI BMT (150PS),2012,2,0,2019-07-04 11:16:22.8919381
608,Volkswagen,Golf 2.0 TDI BMT 4MOTION (150PS),2012,2,0,2019-07-04 11:16:22.9349381
609,Volkswagen,Golf 2.0 TDI BMT (150PS),2017,2,0,2019-07-04 11:16:22.9769381
610,Volkswagen,Golf 2.0 TDI BMT 4MOTION (150PS),2017,2,0,2019-07-04 11:16:23.0219381
611,Volkswagen,Golf 2.0 BlueTDI (150PS),2013,2,0,2019-07-04 11:16:23.0649381
612,Volkswagen,Golf 2.0 BlueTDI 4MOTION (150PS),2013,2,0,2019-07-04 11:16:23.1079381
613,Volkswagen,Golf 1.4 TGI BlueMotion (Erdgasbetrieb) (110PS),2014,2,0,2019-07-04 11:16:23.1519381
614,Volkswagen,Golf 1.4 TGI BlueMotion (Benzinbetrieb) (110PS),2014,2,0,2019-07-04 11:16:23.1979381
615,Volkswagen,Golf 1.4 TGI BlueMotion (Erdgasbetrieb) (110PS),2017,2,0,2019-07-04 11:16:23.2439381
616,Volkswagen,Golf 1.4 TGI BlueMotion (Benzinbetrieb) (110PS),2017,2,0,2019-07-04 11:16:23.2879381
617,Volkswagen,Golf GTI (220PS),2013,2,1,2019-07-04 11:16:23.3339381
618,Volkswagen,Golf GTI (230PS),2017,2,1,2019-07-04 11:16:23.3789381
619,Volkswagen,Golf GTI Performance (230PS),2013,2,1,2019-07-04 11:16:23.4259381
620,Volkswagen,Golf GTI Clubsport (265PS),2016,2,1,2019-07-04 11:16:23.4719381
621,Volkswagen,Golf R (300PS),2013,2,1,2019-07-04 11:16:23.5169381
622,Volkswagen,Golf R (310PS),2017,2,1,2019-07-04 11:16:23.5739381
623,Volkswagen,Golf GTD (184PS),2013,2,1,2019-07-04 11:16:23.6169381
624,Volkswagen,Golf GTE (204PS),2014,2,1,2019-07-04 11:16:23.6629381
625,Volkswagen,e-Golf (115PS),2014,2,1,2019-07-04 11:16:23.7079381
626,Volkswagen,e-Golf (136PS),2017,2,1,2019-07-04 11:16:23.7529381
627,Volkswagen,Golf Sportsvan 1.2 TSI BMT (85PS),2014,6,0,2019-07-04 11:16:23.7979381
628,Volkswagen,Golf Sportsvan 1.2 TSI BMT (110PS),2014,6,0,2019-07-04 11:16:23.8449381
629,Volkswagen,Golf Sportsvan 1.0 TSI BlueMotion (115PS),2015,6,0,2019-07-04 11:16:23.8919381
630,Volkswagen,Golf Sportsvan 1.4 TSI BMT (125PS),2014,6,0,2019-07-04 11:16:23.9379381
631,Volkswagen,Golf Sportsvan 1.4 TSI BMT (150PS),2014,6,0,2019-07-04 11:16:23.9809381
632,Volkswagen,Golf Sportsvan 1.6 TDI BMT (110PS),2014,6,0,2019-07-04 11:16:24.0249381
633,Volkswagen,Golf Sportsvan 1.6 TDI BlueMotion (110PS),2014,6,0,2019-07-04 11:16:24.0679381
634,Volkswagen,Golf Sportsvan 1.6 TDI BMT (115PS),2016,6,0,2019-07-04 11:16:24.1119381
635,Volkswagen,Golf Sportsvan 2.0 TDI BMT (150PS),2014,6,0,2019-07-04 11:16:24.1569381
636,Volkswagen,Golf Variant 1.2 TSI BMT (85PS),2013,4,0,2019-07-04 11:16:24.2009381
637,Volkswagen,Golf Variant 1.2 TSI BMT (105PS),2013,4,0,2019-07-04 11:16:24.2439381
638,Volkswagen,Golf Variant 1.2 TSI BMT (110PS),2014,4,0,2019-07-04 11:16:24.2869381
639,Volkswagen,Golf Variant 1.0 TSI BlueMotion (115PS),2015,4,0,2019-07-04 11:16:24.3319381
640,Volkswagen,Golf Variant 1.0 TSI BMT (110PS),2017,4,0,2019-07-04 11:16:24.3789381
641,Volkswagen,Golf Variant 1.4 TSI BMT (122PS),2013,4,0,2019-07-04 11:16:24.4219381
642,Volkswagen,Golf Variant 1.4 TSI BMT (125PS),2014,4,0,2019-07-04 11:16:24.4679381
643,Volkswagen,Golf Variant 1.4 TSI BMT (125PS),2017,4,0,2019-07-04 11:16:24.5109381
644,Volkswagen,Golf Variant 1.4 TSI BMT (140PS),2013,4,0,2019-07-04 11:16:24.5719381
645,Volkswagen,Golf Variant 1.4 TSI BMT (150PS),2014,4,0,2019-07-04 11:16:24.6169381
646,Volkswagen,Golf Variant 1.4 TSI BMT (150PS),2017,4,0,2019-07-04 11:16:24.6619381
647,Volkswagen,Golf Variant 1.6 TDI BMT (105PS),2013,4,0,2019-07-04 11:16:24.7079381
648,Volkswagen,Golf Variant 1.6 TDI BMT 4MOTION (105PS),2013,4,0,2019-07-04 11:16:24.7529381
649,Volkswagen,Golf Variant 1.6 TDI BMT (110PS),2014,4,0,2019-07-04 11:16:24.7999381
650,Volkswagen,Golf Variant 1.6 TDI BMT 4MOTION (110PS),2014,4,0,2019-07-04 11:16:24.8469381
651,Volkswagen,Golf Variant 1.6 TDI BMT (115PS),2017,4,0,2019-07-04 11:16:24.8899381
652,Volkswagen,Golf Variant 1.6 BlueTDI (110PS),2013,4,0,2019-07-04 11:16:24.9359381
653,Volkswagen,Golf Variant 1.6 TDI BlueMotion (110PS),2013,4,0,2019-07-04 11:16:24.9789381
654,Volkswagen,Golf Variant 2.0 TDI BMT (150PS),2013,4,0,2019-07-04 11:16:25.0239381
655,Volkswagen,Golf Variant 2.0 TDI BMT 4MOTION (150PS),2013,4,0,2019-07-04 11:16:25.0709381
656,Volkswagen,Golf Variant 2.0 TDI BMT (150PS),2017,4,0,2019-07-04 11:16:25.1129381
657,Volkswagen,Golf Variant 2.0 TDI BMT 4MOTION (150PS),2017,4,1,2019-07-04 11:16:25.1599381
658,Volkswagen,Golf Variant 1.4 TGI BlueMotion (Erdgasbetrieb) (110PS),2014,4,0,2019-07-04 11:16:25.2059381
659,Volkswagen,Golf Variant 1.4 TGI BlueMotion (Benzinbetrieb) (110PS),2014,4,0,2019-07-04 11:16:25.2509381
660,Volkswagen,Golf Variant 1.4 TGI BlueMotion (110PS),2017,4,0,2019-07-04 11:16:25.2959381
661,Volkswagen,Golf Variant 1.4 TGI BlueMotion (110PS),2017,4,0,2019-07-04 11:16:25.3409381
662,Volkswagen,Golf R Variant (300PS),2015,4,1,2019-07-04 11:16:25.3909381
663,Volkswagen,Golf R Variant (310PS),2017,4,1,2019-07-04 11:16:25.4489381
664,Volkswagen,Golf Variant GTD (184PS),2015,4,1,2019-07-04 11:16:25.5049381
665,Volkswagen,Golf Alltrack 1.8 TSI BMT 4MOTION (180PS),2015,4,1,2019-07-04 11:16:25.5559381
666,Volkswagen,Golf Alltrack 1.8 TSI BMT 4MOTION (180PS),2017,4,1,2019-07-04 11:16:25.6099381
667,Volkswagen,Golf Alltrack 1.6 TDI BMT 4MOTION (110PS),2014,4,1,2019-07-04 11:16:25.6639381
668,Volkswagen,Golf Alltrack 2.0 TDI BMT 4MOTION (150PS),2014,4,1,2019-07-04 11:16:25.7209381
669,Volkswagen,Golf Alltrack 2.0 TDI BMT 4MOTION (150PS),2017,4,1,2019-07-04 11:16:25.7769381
670,Volkswagen,Golf Alltrack 2.0 TDI BMT 4MOTION (184PS),2014,4,1,2019-07-04 11:16:25.8259381
671,Volkswagen,Golf Alltrack 2.0 TDI BMT 4MOTION (184PS),2017,4,1,2019-07-04 11:16:25.8769381
672,Skoda,Octavia,2019,4,0,2019-07-04 16:40:43.7080000
